<?xml version="1.0" encoding="UTF-8"?>
<qes:espresso xsi:schemaLocation="http://www.quantum-espresso.org/ns/qes/qes-1.0 http://www.quantum-espresso.org/ns/qes/qes_030920.xsd" Units="Hartree atomic units" xmlns:xsi="http://www.w3.org/2001/XMLSchema-instance" xmlns:qes="http://www.quantum-espresso.org/ns/qes/qes-1.0">
  <!--All quantities are in Hartree atomic units unless otherwise specified-->
  <general_info>
    <xml_format NAME="QEXSD" VERSION="20.04.20">QEXSD_20.04.20</xml_format>
    <creator NAME="PWSCF" VERSION="6.7MaX">XML file generated by PWSCF</creator>
    <created DATE="10Aug2022" TIME="10: 3:57">This run was terminated on:  10: 3:57  10 Aug 2022</created>
    <job></job>
  </general_info>
  <parallel_info>
    <nprocs>1</nprocs>
    <nthreads>1</nthreads>
    <ntasks>1</ntasks>
    <nbgrp>1</nbgrp>
    <npool>1</npool>
    <ndiag>1</ndiag>
  </parallel_info>
  <input>
    <control_variables>
      <title></title>
      <calculation>scf</calculation>
      <restart_mode>from_scratch</restart_mode>
      <prefix>bn</prefix>
      <pseudo_dir>./</pseudo_dir>
      <outdir>./</outdir>
      <stress>true</stress>
      <forces>true</forces>
      <wf_collect>false</wf_collect>
      <disk_io>low</disk_io>
      <max_seconds>10000000</max_seconds>
      <nstep>1</nstep>
      <etot_conv_thr>5.000000000000000e-5</etot_conv_thr>
      <forc_conv_thr>5.000000000000000e-4</forc_conv_thr>
      <press_conv_thr>5.000000000000000e-1</press_conv_thr>
      <verbosity>low</verbosity>
      <print_every>100000</print_every>
    </control_variables>
    <atomic_species ntyp="2">
      <species name="B">
        <mass>1.100000000000000e1</mass>
        <pseudo_file>B.UPF</pseudo_file>
      </species>
      <species name="N">
        <mass>1.400000000000000e1</mass>
        <pseudo_file>N.UPF</pseudo_file>
      </species>
    </atomic_species>
    <atomic_structure nat="2" alat="4.732000000883e0">
      <atomic_positions>
        <atom name="N" index="1">2.366000000000000e0 1.366011010444814e0 9.464000000000000e0</atom>
        <atom name="B" index="2">2.366000000000000e0 -1.366011010444814e0 9.464000000000000e0</atom>
      </atomic_positions>
      <cell>
        <a1>2.366000000000000e0 -4.098032211728000e0 0.000000000000000e0</a1>
        <a2>2.366000000000000e0 4.098032211728000e0 0.000000000000000e0</a2>
        <a3>0.000000000000000e0 0.000000000000000e0 1.892800000000000e1</a3>
      </cell>
    </atomic_structure>
    <dft>
      <functional>PW</functional>
    </dft>
    <spin>
      <lsda>false</lsda>
      <noncolin>false</noncolin>
      <spinorbit>false</spinorbit>
    </spin>
    <bands>
      <tot_charge>0.000000000000000e0</tot_charge>
      <occupations>fixed</occupations>
    </bands>
    <basis>
      <gamma_only>false</gamma_only>
      <ecutwfc>2.250000000000000e1</ecutwfc>
      <ecutrho>9.000000000000000e1</ecutrho>
    </basis>
    <electron_control>
      <diagonalization>davidson</diagonalization>
      <mixing_mode>plain</mixing_mode>
      <mixing_beta>7.000000000000000e-1</mixing_beta>
      <conv_thr>5.000000000000000e-11</conv_thr>
      <mixing_ndim>8</mixing_ndim>
      <max_nstep>100</max_nstep>
      <real_space_q>false</real_space_q>
      <real_space_beta>false</real_space_beta>
      <tq_smoothing>false</tq_smoothing>
      <tbeta_smoothing>false</tbeta_smoothing>
      <diago_thr_init>0.000000000000000e0</diago_thr_init>
      <diago_full_acc>true</diago_full_acc>
      <diago_cg_maxiter>20</diago_cg_maxiter>
      <diago_ppcg_maxiter>20</diago_ppcg_maxiter>
    </electron_control>
    <k_points_IBZ>
      <monkhorst_pack nk1="12" nk2="12" nk3="1" k1="1" k2="1" k3="0">Uniform grid with offset</monkhorst_pack>
    </k_points_IBZ>
    <ion_control>
      <ion_dynamics>none</ion_dynamics>
      <upscale>1.000000000000000e2</upscale>
      <remove_rigid_rot>false</remove_rigid_rot>
      <refold_pos>false</refold_pos>
    </ion_control>
    <cell_control>
      <cell_dynamics>none</cell_dynamics>
      <pressure>0.000000000000000e0</pressure>
      <wmass>2.500000000000000e1</wmass>
      <cell_factor>0.000000000000000e0</cell_factor>
      <fix_volume>false</fix_volume>
      <fix_area>false</fix_area>
      <isotropic>false</isotropic>
    </cell_control>
    <symmetry_flags>
      <nosym>false</nosym>
      <nosym_evc>false</nosym_evc>
      <noinv>false</noinv>
      <no_t_rev>false</no_t_rev>
      <force_symmorphic>false</force_symmorphic>
      <use_all_frac>false</use_all_frac>
    </symmetry_flags>
  </input>
  <output>
    <convergence_info>
      <scf_conv>
        <convergence_achieved>true</convergence_achieved>
        <n_scf_steps>11</n_scf_steps>
        <scf_error>1.293991229683464e-11</scf_error>
      </scf_conv>
    </convergence_info>
    <algorithmic_info>
      <real_space_q>false</real_space_q>
      <real_space_beta>false</real_space_beta>
      <uspp>false</uspp>
      <paw>false</paw>
    </algorithmic_info>
    <atomic_species ntyp="2" pseudo_dir="./">
      <species name="B">
        <mass>1.100000000000000e1</mass>
        <pseudo_file>B.UPF</pseudo_file>
      </species>
      <species name="N">
        <mass>1.400000000000000e1</mass>
        <pseudo_file>N.UPF</pseudo_file>
      </species>
    </atomic_species>
    <atomic_structure nat="2" alat="4.732000000000e0">
      <atomic_positions>
        <atom name="N" index="1">2.366000000000000e0 1.366011010444814e0 9.464000000000000e0</atom>
        <atom name="B" index="2">2.366000000000000e0 -1.366011010444814e0 9.464000000000000e0</atom>
      </atomic_positions>
      <cell>
        <a1>2.366000000000000e0 -4.098032211728000e0 0.000000000000000e0</a1>
        <a2>2.366000000000000e0 4.098032211728000e0 0.000000000000000e0</a2>
        <a3>0.000000000000000e0 0.000000000000000e0 1.892800000000000e1</a3>
      </cell>
    </atomic_structure>
    <symmetries>
      <nsym>12</nsym>
      <nrot>24</nrot>
      <space_group>0</space_group>
      <symmetry>
        <info name="identity">crystal_symmetry</info>
        <rotation rank="2" dims="3 3" order="F">
          1.000000000000000e0 0.000000000000000e0 0.000000000000000e0
          0.000000000000000e0 1.000000000000000e0 0.000000000000000e0
          0.000000000000000e0 0.000000000000000e0 1.000000000000000e0
          </rotation>
        <fractional_translation>0.000000000000000e0 0.000000000000000e0 0.000000000000000e0</fractional_translation>
        <equivalent_atoms nat="2" size="2">
          1 2
          </equivalent_atoms>
      </symmetry>
      <symmetry>
        <info name="180 deg rotation - cart. axis [0,1,0]">crystal_symmetry</info>
        <rotation rank="2" dims="3 3" order="F">
          0.000000000000000e0 -1.000000000000000e0 0.000000000000000e0
          -1.000000000000000e0 0.000000000000000e0 0.000000000000000e0
          0.000000000000000e0 0.000000000000000e0 -1.000000000000000e0
          </rotation>
        <fractional_translation>0.000000000000000e0 0.000000000000000e0 0.000000000000000e0</fractional_translation>
        <equivalent_atoms nat="2" size="2">
          1 2
          </equivalent_atoms>
      </symmetry>
      <symmetry>
        <info name="120 deg rotation - cryst. axis [0,0,1]">crystal_symmetry</info>
        <rotation rank="2" dims="3 3" order="F">
          0.000000000000000e0 -1.000000000000000e0 0.000000000000000e0
          1.000000000000000e0 -1.000000000000000e0 0.000000000000000e0
          0.000000000000000e0 0.000000000000000e0 1.000000000000000e0
          </rotation>
        <fractional_translation>0.000000000000000e0 0.000000000000000e0 0.000000000000000e0</fractional_translation>
        <equivalent_atoms nat="2" size="2">
          1 2
          </equivalent_atoms>
      </symmetry>
      <symmetry>
        <info name="120 deg rotation - cryst. axis [0,0,-1]">crystal_symmetry</info>
        <rotation rank="2" dims="3 3" order="F">
          -1.000000000000000e0 1.000000000000000e0 0.000000000000000e0
          -1.000000000000000e0 0.000000000000000e0 0.000000000000000e0
          0.000000000000000e0 0.000000000000000e0 1.000000000000000e0
          </rotation>
        <fractional_translation>0.000000000000000e0 0.000000000000000e0 0.000000000000000e0</fractional_translation>
        <equivalent_atoms nat="2" size="2">
          1 2
          </equivalent_atoms>
      </symmetry>
      <symmetry>
        <info name="180 deg rotation - cryst. axis [1,-1,0]">crystal_symmetry</info>
        <rotation rank="2" dims="3 3" order="F">
          1.000000000000000e0 0.000000000000000e0 0.000000000000000e0
          1.000000000000000e0 -1.000000000000000e0 0.000000000000000e0
          0.000000000000000e0 0.000000000000000e0 -1.000000000000000e0
          </rotation>
        <fractional_translation>0.000000000000000e0 0.000000000000000e0 0.000000000000000e0</fractional_translation>
        <equivalent_atoms nat="2" size="2">
          1 2
          </equivalent_atoms>
      </symmetry>
      <symmetry>
        <info name="180 deg rotation - cryst. axis [2,1,0]">crystal_symmetry</info>
        <rotation rank="2" dims="3 3" order="F">
          -1.000000000000000e0 1.000000000000000e0 0.000000000000000e0
          0.000000000000000e0 1.000000000000000e0 0.000000000000000e0
          0.000000000000000e0 0.000000000000000e0 -1.000000000000000e0
          </rotation>
        <fractional_translation>0.000000000000000e0 0.000000000000000e0 0.000000000000000e0</fractional_translation>
        <equivalent_atoms nat="2" size="2">
          1 2
          </equivalent_atoms>
      </symmetry>
      <symmetry>
        <info name="inv. 180 deg rotation - cart. axis [0,0,1]">crystal_symmetry</info>
        <rotation rank="2" dims="3 3" order="F">
          1.000000000000000e0 0.000000000000000e0 0.000000000000000e0
          0.000000000000000e0 1.000000000000000e0 0.000000000000000e0
          0.000000000000000e0 0.000000000000000e0 -1.000000000000000e0
          </rotation>
        <fractional_translation>0.000000000000000e0 0.000000000000000e0 0.000000000000000e0</fractional_translation>
        <equivalent_atoms nat="2" size="2">
          1 2
          </equivalent_atoms>
      </symmetry>
      <symmetry>
        <info name="inv. 180 deg rotation - cart. axis [1,0,0]">crystal_symmetry</info>
        <rotation rank="2" dims="3 3" order="F">
          0.000000000000000e0 -1.000000000000000e0 0.000000000000000e0
          -1.000000000000000e0 0.000000000000000e0 0.000000000000000e0
          0.000000000000000e0 0.000000000000000e0 1.000000000000000e0
          </rotation>
        <fractional_translation>0.000000000000000e0 0.000000000000000e0 0.000000000000000e0</fractional_translation>
        <equivalent_atoms nat="2" size="2">
          1 2
          </equivalent_atoms>
      </symmetry>
      <symmetry>
        <info name="inv.  60 deg rotation - cryst. axis [0,0,1]">crystal_symmetry</info>
        <rotation rank="2" dims="3 3" order="F">
          -1.000000000000000e0 1.000000000000000e0 0.000000000000000e0
          -1.000000000000000e0 0.000000000000000e0 0.000000000000000e0
          0.000000000000000e0 0.000000000000000e0 -1.000000000000000e0
          </rotation>
        <fractional_translation>0.000000000000000e0 0.000000000000000e0 0.000000000000000e0</fractional_translation>
        <equivalent_atoms nat="2" size="2">
          1 2
          </equivalent_atoms>
      </symmetry>
      <symmetry>
        <info name="inv.  60 deg rotation - cryst. axis [0,0,-1]">crystal_symmetry</info>
        <rotation rank="2" dims="3 3" order="F">
          0.000000000000000e0 -1.000000000000000e0 0.000000000000000e0
          1.000000000000000e0 -1.000000000000000e0 0.000000000000000e0
          0.000000000000000e0 0.000000000000000e0 -1.000000000000000e0
          </rotation>
        <fractional_translation>0.000000000000000e0 0.000000000000000e0 0.000000000000000e0</fractional_translation>
        <equivalent_atoms nat="2" size="2">
          1 2
          </equivalent_atoms>
      </symmetry>
      <symmetry>
        <info name="inv. 180 deg rotation - cryst. axis [0,1,0]">crystal_symmetry</info>
        <rotation rank="2" dims="3 3" order="F">
          -1.000000000000000e0 1.000000000000000e0 0.000000000000000e0
          0.000000000000000e0 1.000000000000000e0 0.000000000000000e0
          0.000000000000000e0 0.000000000000000e0 1.000000000000000e0
          </rotation>
        <fractional_translation>0.000000000000000e0 0.000000000000000e0 0.000000000000000e0</fractional_translation>
        <equivalent_atoms nat="2" size="2">
          1 2
          </equivalent_atoms>
      </symmetry>
      <symmetry>
        <info name="inv. 180 deg rotation - cryst. axis [1,1,0]">crystal_symmetry</info>
        <rotation rank="2" dims="3 3" order="F">
          1.000000000000000e0 0.000000000000000e0 0.000000000000000e0
          1.000000000000000e0 -1.000000000000000e0 0.000000000000000e0
          0.000000000000000e0 0.000000000000000e0 1.000000000000000e0
          </rotation>
        <fractional_translation>0.000000000000000e0 0.000000000000000e0 0.000000000000000e0</fractional_translation>
        <equivalent_atoms nat="2" size="2">
          1 2
          </equivalent_atoms>
      </symmetry>
      <symmetry>
        <info name="inversion">lattice_symmetry</info>
        <rotation rank="2" dims="3 3" order="F">
          -1.000000000000000e0 0.000000000000000e0 0.000000000000000e0
          0.000000000000000e0 -1.000000000000000e0 0.000000000000000e0
          0.000000000000000e0 0.000000000000000e0 -1.000000000000000e0
          </rotation>
      </symmetry>
      <symmetry>
        <info name="180 deg rotation - cart. axis [0,0,1]">lattice_symmetry</info>
        <rotation rank="2" dims="3 3" order="F">
          -1.000000000000000e0 0.000000000000000e0 0.000000000000000e0
          0.000000000000000e0 -1.000000000000000e0 0.000000000000000e0
          0.000000000000000e0 0.000000000000000e0 1.000000000000000e0
          </rotation>
      </symmetry>
      <symmetry>
        <info name="inv. 180 deg rotation - cart. axis [0,1,0]">lattice_symmetry</info>
        <rotation rank="2" dims="3 3" order="F">
          0.000000000000000e0 1.000000000000000e0 0.000000000000000e0
          1.000000000000000e0 0.000000000000000e0 0.000000000000000e0
          0.000000000000000e0 0.000000000000000e0 1.000000000000000e0
          </rotation>
      </symmetry>
      <symmetry>
        <info name="180 deg rotation - cart. axis [1,0,0]">lattice_symmetry</info>
        <rotation rank="2" dims="3 3" order="F">
          0.000000000000000e0 1.000000000000000e0 0.000000000000000e0
          1.000000000000000e0 0.000000000000000e0 0.000000000000000e0
          0.000000000000000e0 0.000000000000000e0 -1.000000000000000e0
          </rotation>
      </symmetry>
      <symmetry>
        <info name=" 60 deg rotation - cryst. axis [0,0,1]">lattice_symmetry</info>
        <rotation rank="2" dims="3 3" order="F">
          1.000000000000000e0 -1.000000000000000e0 0.000000000000000e0
          1.000000000000000e0 0.000000000000000e0 0.000000000000000e0
          0.000000000000000e0 0.000000000000000e0 1.000000000000000e0
          </rotation>
      </symmetry>
      <symmetry>
        <info name=" 60 deg rotation - cryst. axis [0,0,-1]">lattice_symmetry</info>
        <rotation rank="2" dims="3 3" order="F">
          0.000000000000000e0 1.000000000000000e0 0.000000000000000e0
          -1.000000000000000e0 1.000000000000000e0 0.000000000000000e0
          0.000000000000000e0 0.000000000000000e0 1.000000000000000e0
          </rotation>
      </symmetry>
      <symmetry>
        <info name="inv. 120 deg rotation - cryst. axis [0,0,1]">lattice_symmetry</info>
        <rotation rank="2" dims="3 3" order="F">
          0.000000000000000e0 1.000000000000000e0 0.000000000000000e0
          -1.000000000000000e0 1.000000000000000e0 0.000000000000000e0
          0.000000000000000e0 0.000000000000000e0 -1.000000000000000e0
          </rotation>
      </symmetry>
      <symmetry>
        <info name="inv. 120 deg rotation - cryst. axis [0,0,-1]">lattice_symmetry</info>
        <rotation rank="2" dims="3 3" order="F">
          1.000000000000000e0 -1.000000000000000e0 0.000000000000000e0
          1.000000000000000e0 0.000000000000000e0 0.000000000000000e0
          0.000000000000000e0 0.000000000000000e0 -1.000000000000000e0
          </rotation>
      </symmetry>
      <symmetry>
        <info name="inv. 180 deg rotation - cryst. axis [1,-1,0]">lattice_symmetry</info>
        <rotation rank="2" dims="3 3" order="F">
          -1.000000000000000e0 0.000000000000000e0 0.000000000000000e0
          -1.000000000000000e0 1.000000000000000e0 0.000000000000000e0
          0.000000000000000e0 0.000000000000000e0 1.000000000000000e0
          </rotation>
      </symmetry>
      <symmetry>
        <info name="inv. 180 deg rotation - cryst. axis [2,1,0]">lattice_symmetry</info>
        <rotation rank="2" dims="3 3" order="F">
          1.000000000000000e0 -1.000000000000000e0 0.000000000000000e0
          0.000000000000000e0 -1.000000000000000e0 0.000000000000000e0
          0.000000000000000e0 0.000000000000000e0 1.000000000000000e0
          </rotation>
      </symmetry>
      <symmetry>
        <info name="180 deg rotation - cryst. axis [0,1,0]">lattice_symmetry</info>
        <rotation rank="2" dims="3 3" order="F">
          1.000000000000000e0 -1.000000000000000e0 0.000000000000000e0
          0.000000000000000e0 -1.000000000000000e0 0.000000000000000e0
          0.000000000000000e0 0.000000000000000e0 -1.000000000000000e0
          </rotation>
      </symmetry>
      <symmetry>
        <info name="180 deg rotation - cryst. axis [1,1,0]">lattice_symmetry</info>
        <rotation rank="2" dims="3 3" order="F">
          -1.000000000000000e0 0.000000000000000e0 0.000000000000000e0
          -1.000000000000000e0 1.000000000000000e0 0.000000000000000e0
          0.000000000000000e0 0.000000000000000e0 -1.000000000000000e0
          </rotation>
      </symmetry>
    </symmetries>
    <basis_set>
      <gamma_only>false</gamma_only>
      <ecutwfc>2.250000000000000e1</ecutwfc>
      <ecutrho>9.000000000000000e1</ecutrho>
      <fft_grid nr1="24" nr2="24" nr3="81"></fft_grid>
      <fft_smooth nr1="24" nr2="24" nr3="81"></fft_smooth>
      <fft_box nr1="24" nr2="24" nr3="81"></fft_box>
      <ngm>15003</ngm>
      <ngms>15003</ngms>
      <npwx>1896</npwx>
      <reciprocal_lattice>
        <b1>1.000000000000000e0 -5.773502690459181e-1 0.000000000000000e0</b1>
        <b2>1.000000000000000e0 5.773502690459181e-1 0.000000000000000e0</b2>
        <b3>0.000000000000000e0 0.000000000000000e0 2.500000000000000e-1</b3>
      </reciprocal_lattice>
    </basis_set>
    <dft>
      <functional>PW</functional>
    </dft>
    <magnetization>
      <lsda>false</lsda>
      <noncolin>false</noncolin>
      <spinorbit>false</spinorbit>
      <total>0.000000000000000e0</total>
      <absolute>0.000000000000000e0</absolute>
    </magnetization>
    <total_energy>
      <etot>-1.339553750070489e1</etot>
      <eband>-2.853301976784643e0</eband>
      <ehart>2.383863684509431e1</ehart>
      <vtxc>-4.814791581162043e0</vtxc>
      <etxc>-4.201433261926782e0</etxc>
      <ewald>1.268302296450981e1</ewald>
    </total_energy>
    <band_structure>
      <lsda>false</lsda>
      <noncolin>false</noncolin>
      <spinorbit>false</spinorbit>
      <nbnd>4</nbnd>
      <nelec>8.000000000000000e0</nelec>
      <num_of_atomic_wfc>32</num_of_atomic_wfc>
      <wf_collected>true</wf_collected>
      <fermi_energy>-9.833623885486425e-2</fermi_energy>
      <highestOccupiedLevel>-9.833623885486425e-2</highestOccupiedLevel>
      <starting_k_points>
        <monkhorst_pack nk1="12" nk2="12" nk3="1" k1="1" k2="1" k3="0">Uniform grid with offset</monkhorst_pack>
      </starting_k_points>
      <nks>42</nks>
      <occupations_kind>fixed</occupations_kind>
      <ks_energies>
        <k_point weight="2.777777777778e-2">8.333333333333332e-2 0.000000000000000e0 0.000000000000000e0</k_point>
        <npw>1833</npw>
        <eigenvalues size="4">
          -7.359236043849746e-1 -2.855066451966239e-1 -1.606695588177283e-1 -1.529269135245757e-1
          </eigenvalues>
        <occupations size="4">
          1.000000000000000e0 1.000000000000000e0 1.000000000000000e0 1.000000000000000e0
          </occupations>
      </ks_energies>
      <ks_energies>
        <k_point weight="5.555555555556e-2">1.666666666666667e-1 4.811252242049318e-2 0.000000000000000e0</k_point>
        <npw>1845</npw>
        <eigenvalues size="4">
          -7.237383957768313e-1 -2.691751600287173e-1 -2.044743436510713e-1 -1.743832555789182e-1
          </eigenvalues>
        <occupations size="4">
          1.000000000000000e0 1.000000000000000e0 1.000000000000000e0 1.000000000000000e0
          </occupations>
      </ks_energies>
      <ks_energies>
        <k_point weight="5.555555555556e-2">2.500000000000000e-1 9.622504484098634e-2 0.000000000000000e0</k_point>
        <npw>1862</npw>
        <eigenvalues size="4">
          -7.026028107131783e-1 -2.664017283291673e-1 -2.405759732557577e-1 -2.019224323641732e-1
          </eigenvalues>
        <occupations size="4">
          1.000000000000000e0 1.000000000000000e0 1.000000000000000e0 1.000000000000000e0
          </occupations>
      </ks_energies>
      <ks_energies>
        <k_point weight="5.555555555556e-2">3.333333333333334e-1 1.443375672614795e-1 0.000000000000000e0</k_point>
        <npw>1861</npw>
        <eigenvalues size="4">
          -6.745078680644006e-1 -3.318522096400644e-1 -2.266132131332054e-1 -2.017957144497613e-1
          </eigenvalues>
        <occupations size="4">
          1.000000000000000e0 1.000000000000000e0 1.000000000000000e0 1.000000000000000e0
          </occupations>
      </ks_energies>
      <ks_energies>
        <k_point weight="5.555555555556e-2">4.166666666666667e-1 1.924500896819727e-1 0.000000000000000e0</k_point>
        <npw>1872</npw>
        <eigenvalues size="4">
          -6.445404150864866e-1 -3.883083706661725e-1 -2.442106031304731e-1 -1.591558281903783e-1
          </eigenvalues>
        <occupations size="4">
          1.000000000000000e0 1.000000000000000e0 1.000000000000000e0 1.000000000000000e0
          </occupations>
      </ks_energies>
      <ks_energies>
        <k_point weight="5.555555555556e-2">5.000000000000000e-1 2.405626121024659e-1 0.000000000000000e0</k_point>
        <npw>1884</npw>
        <eigenvalues size="4">
          -6.252690958455050e-1 -4.195754172393267e-1 -2.521491501607225e-1 -1.299377444113738e-1
          </eigenvalues>
        <occupations size="4">
          1.000000000000000e0 1.000000000000000e0 1.000000000000000e0 1.000000000000000e0
          </occupations>
      </ks_energies>
      <ks_energies>
        <k_point weight="5.555555555556e-2">-4.166666666666667e-1 -2.886751345229591e-1 0.000000000000000e0</k_point>
        <npw>1878</npw>
        <eigenvalues size="4">
          -6.323885260311871e-1 -4.083867740287337e-1 -2.495051049426494e-1 -1.409760470855690e-1
          </eigenvalues>
        <occupations size="4">
          1.000000000000000e0 1.000000000000000e0 1.000000000000000e0 1.000000000000000e0
          </occupations>
      </ks_energies>
      <ks_energies>
        <k_point weight="5.555555555556e-2">-3.333333333333333e-1 -2.405626121024659e-1 0.000000000000000e0</k_point>
        <npw>1870</npw>
        <eigenvalues size="4">
          -6.592124795225541e-1 -3.620338050220914e-1 -2.365470767082369e-1 -1.803606989569071e-1
          </eigenvalues>
        <occupations size="4">
          1.000000000000000e0 1.000000000000000e0 1.000000000000000e0 1.000000000000000e0
          </occupations>
      </ks_energies>
      <ks_energies>
        <k_point weight="5.555555555556e-2">-2.500000000000000e-1 -1.924500896819728e-1 0.000000000000000e0</k_point>
        <npw>1866</npw>
        <eigenvalues size="4">
          -6.892178017204809e-1 -2.994874685900062e-1 -2.222557024021920e-1 -2.149862223955762e-1
          </eigenvalues>
        <occupations size="4">
          1.000000000000000e0 1.000000000000000e0 1.000000000000000e0 1.000000000000000e0
          </occupations>
      </ks_energies>
      <ks_energies>
        <k_point weight="5.555555555556e-2">-1.666666666666667e-1 -1.443375672614795e-1 0.000000000000000e0</k_point>
        <npw>1851</npw>
        <eigenvalues size="4">
          -7.142054873399419e-1 -2.563119414809403e-1 -2.340973363518046e-1 -1.880662663982906e-1
          </eigenvalues>
        <occupations size="4">
          1.000000000000000e0 1.000000000000000e0 1.000000000000000e0 1.000000000000000e0
          </occupations>
      </ks_energies>
      <ks_energies>
        <k_point weight="5.555555555556e-2">-8.333333333333336e-2 -9.622504484098634e-2 0.000000000000000e0</k_point>
        <npw>1845</npw>
        <eigenvalues size="4">
          -7.310169527965172e-1 -2.789766117015491e-1 -1.793545261338776e-1 -1.622738640072847e-1
          </eigenvalues>
        <occupations size="4">
          1.000000000000000e0 1.000000000000000e0 1.000000000000000e0 1.000000000000000e0
          </occupations>
      </ks_energies>
      <ks_energies>
        <k_point weight="2.777777777778e-2">-7.632783294297951e-17 -4.811252242049322e-2 0.000000000000000e0</k_point>
        <npw>1837</npw>
        <eigenvalues size="4">
          -7.383936719203694e-1 -2.888673473111286e-1 -1.507365852505362e-1 -1.479371436615736e-1
          </eigenvalues>
        <occupations size="4">
          1.000000000000000e0 1.000000000000000e0 1.000000000000000e0 1.000000000000000e0
          </occupations>
      </ks_energies>
      <ks_energies>
        <k_point weight="2.777777777778e-2">2.500000000000000e-1 0.000000000000000e0 0.000000000000000e0</k_point>
        <npw>1845</npw>
        <eigenvalues size="4">
          -7.071741900752613e-1 -2.478831542940645e-1 -2.466819874621536e-1 -2.048363072601032e-1
          </eigenvalues>
        <occupations size="4">
          1.000000000000000e0 1.000000000000000e0 1.000000000000000e0 1.000000000000000e0
          </occupations>
      </ks_energies>
      <ks_energies>
        <k_point weight="5.555555555556e-2">3.333333333333333e-1 4.811252242049317e-2 0.000000000000000e0</k_point>
        <npw>1876</npw>
        <eigenvalues size="4">
          -6.826276032858063e-1 -3.034984336126314e-1 -2.371759928092812e-1 -2.131832838826575e-1
          </eigenvalues>
        <occupations size="4">
          1.000000000000000e0 1.000000000000000e0 1.000000000000000e0 1.000000000000000e0
          </occupations>
      </ks_energies>
      <ks_energies>
        <k_point weight="5.555555555556e-2">4.166666666666667e-1 9.622504484098636e-2 0.000000000000000e0</k_point>
        <npw>1879</npw>
        <eigenvalues size="4">
          -6.532977902138155e-1 -3.602636451494052e-1 -2.614862019997411e-1 -1.720052323082444e-1
          </eigenvalues>
        <occupations size="4">
          1.000000000000000e0 1.000000000000000e0 1.000000000000000e0 1.000000000000000e0
          </occupations>
      </ks_energies>
      <ks_energies>
        <k_point weight="5.555555555556e-2">5.000000000000000e-1 1.443375672614795e-1 0.000000000000000e0</k_point>
        <npw>1896</npw>
        <eigenvalues size="4">
          -6.273130134173202e-1 -4.036334012080399e-1 -2.755132000538012e-1 -1.336463383096192e-1
          </eigenvalues>
        <occupations size="4">
          1.000000000000000e0 1.000000000000000e0 1.000000000000000e0 1.000000000000000e0
          </occupations>
      </ks_energies>
      <ks_energies>
        <k_point weight="5.555555555556e-2">5.833333333333334e-1 1.924500896819728e-1 0.000000000000000e0</k_point>
        <npw>1881</npw>
        <eigenvalues size="4">
          -6.204733200586795e-1 -4.140028266729228e-1 -2.781855706590161e-1 -1.226969339337093e-1
          </eigenvalues>
        <occupations size="4">
          1.000000000000000e0 1.000000000000000e0 1.000000000000000e0 1.000000000000000e0
          </occupations>
      </ks_energies>
      <ks_energies>
        <k_point weight="5.555555555556e-2">-3.333333333333334e-1 -3.367876569434523e-1 0.000000000000000e0</k_point>
        <npw>1882</npw>
        <eigenvalues size="4">
          -6.390468663461903e-1 -3.847057247594724e-1 -2.698103192905709e-1 -1.513366998500853e-1
          </eigenvalues>
        <occupations size="4">
          1.000000000000000e0 1.000000000000000e0 1.000000000000000e0 1.000000000000000e0
          </occupations>
      </ks_energies>
      <ks_energies>
        <k_point weight="5.555555555556e-2">-2.500000000000000e-1 -2.886751345229591e-1 0.000000000000000e0</k_point>
        <npw>1874</npw>
        <eigenvalues size="4">
          -6.682214868890501e-1 -3.324915638063306e-1 -2.504849099909436e-1 -1.931645836216217e-1
          </eigenvalues>
        <occupations size="4">
          1.000000000000000e0 1.000000000000000e0 1.000000000000000e0 1.000000000000000e0
          </occupations>
      </ks_energies>
      <ks_energies>
        <k_point weight="5.555555555556e-2">-1.666666666666667e-1 -2.405626121024659e-1 0.000000000000000e0</k_point>
        <npw>1857</npw>
        <eigenvalues size="4">
          -6.957623297962038e-1 -2.746859607157170e-1 -2.311765282975093e-1 -2.215897420613748e-1
          </eigenvalues>
        <occupations size="4">
          1.000000000000000e0 1.000000000000000e0 1.000000000000000e0 1.000000000000000e0
          </occupations>
      </ks_energies>
      <ks_energies>
        <k_point weight="5.555555555556e-2">-8.333333333333337e-2 -1.924500896819728e-1 0.000000000000000e0</k_point>
        <npw>1849</npw>
        <eigenvalues size="4">
          -7.165644387781894e-1 -2.594586778210931e-1 -2.244756615921859e-1 -1.882426115314634e-1
          </eigenvalues>
        <occupations size="4">
          1.000000000000000e0 1.000000000000000e0 1.000000000000000e0 1.000000000000000e0
          </occupations>
      </ks_energies>
      <ks_energies>
        <k_point weight="2.777777777778e-2">0.000000000000000e0 -1.443375672614795e-1 0.000000000000000e0</k_point>
        <npw>1843</npw>
        <eigenvalues size="4">
          -7.285792184311189e-1 -2.756928303061717e-1 -1.887544862818898e-1 -1.656299475228137e-1
          </eigenvalues>
        <occupations size="4">
          1.000000000000000e0 1.000000000000000e0 1.000000000000000e0 1.000000000000000e0
          </occupations>
      </ks_energies>
      <ks_energies>
        <k_point weight="2.777777777778e-2">4.166666666666666e-1 0.000000000000000e0 0.000000000000000e0</k_point>
        <npw>1885</npw>
        <eigenvalues size="4">
          -6.564485548774400e-1 -3.422268105638906e-1 -2.772769110172575e-1 -1.765879633056638e-1
          </eigenvalues>
        <occupations size="4">
          1.000000000000000e0 1.000000000000000e0 1.000000000000000e0 1.000000000000000e0
          </occupations>
      </ks_energies>
      <ks_energies>
        <k_point weight="5.555555555556e-2">5.000000000000000e-1 4.811252242049319e-2 0.000000000000000e0</k_point>
        <npw>1882</npw>
        <eigenvalues size="4">
          -6.292549014430887e-1 -3.803743286140933e-1 -3.052192601115346e-1 -1.368485883995967e-1
          </eigenvalues>
        <occupations size="4">
          1.000000000000000e0 1.000000000000000e0 1.000000000000000e0 1.000000000000000e0
          </occupations>
      </ks_energies>
      <ks_energies>
        <k_point weight="5.555555555556e-2">5.833333333333332e-1 9.622504484098638e-2 0.000000000000000e0</k_point>
        <npw>1883</npw>
        <eigenvalues size="4">
          -6.124161929267906e-1 -4.035306226455787e-1 -3.166998162372041e-1 -1.104141205246915e-1
          </eigenvalues>
        <occupations size="4">
          1.000000000000000e0 1.000000000000000e0 1.000000000000000e0 1.000000000000000e0
          </occupations>
      </ks_energies>
      <ks_energies>
        <k_point weight="5.555555555556e-2">6.666666666666668e-1 1.443375672614795e-1 0.000000000000000e0</k_point>
        <npw>1879</npw>
        <eigenvalues size="4">
          -6.185590478016457e-1 -3.951565978453235e-1 -3.128787234944601e-1 -1.202785940525391e-1
          </eigenvalues>
        <occupations size="4">
          1.000000000000000e0 1.000000000000000e0 1.000000000000000e0 1.000000000000000e0
          </occupations>
      </ks_energies>
      <ks_energies>
        <k_point weight="5.555555555556e-2">-2.500000000000000e-1 -3.849001793639454e-1 0.000000000000000e0</k_point>
        <npw>1887</npw>
        <eigenvalues size="4">
          -6.424492333912890e-1 -3.619630188707345e-1 -2.933018390875614e-1 -1.564948299071695e-1
          </eigenvalues>
        <occupations size="4">
          1.000000000000000e0 1.000000000000000e0 1.000000000000000e0 1.000000000000000e0
          </occupations>
      </ks_energies>
      <ks_energies>
        <k_point weight="5.555555555556e-2">-1.666666666666667e-1 -3.367876569434523e-1 0.000000000000000e0</k_point>
        <npw>1875</npw>
        <eigenvalues size="4">
          -6.700907731808083e-1 -3.225748031219672e-1 -2.578167138215046e-1 -1.957730667428322e-1
          </eigenvalues>
        <occupations size="4">
          1.000000000000000e0 1.000000000000000e0 1.000000000000000e0 1.000000000000000e0
          </occupations>
      </ks_energies>
      <ks_energies>
        <k_point weight="5.555555555556e-2">-8.333333333333343e-2 -2.886751345229591e-1 0.000000000000000e0</k_point>
        <npw>1866</npw>
        <eigenvalues size="4">
          -6.935679365105385e-1 -2.847132891033704e-1 -2.282102618732828e-1 -2.176082785384120e-1
          </eigenvalues>
        <occupations size="4">
          1.000000000000000e0 1.000000000000000e0 1.000000000000000e0 1.000000000000000e0
          </occupations>
      </ks_energies>
      <ks_energies>
        <k_point weight="2.777777777778e-2">-5.551115123125783e-17 -2.405626121024659e-1 0.000000000000000e0</k_point>
        <npw>1851</npw>
        <eigenvalues size="4">
          -7.095258462059961e-1 -2.499723445419018e-1 -2.490023151908616e-1 -1.919136058439177e-1
          </eigenvalues>
        <occupations size="4">
          1.000000000000000e0 1.000000000000000e0 1.000000000000000e0 1.000000000000000e0
          </occupations>
      </ks_energies>
      <ks_energies>
        <k_point weight="2.777777777778e-2">5.833333333333334e-1 0.000000000000000e0 0.000000000000000e0</k_point>
        <npw>1889</npw>
        <eigenvalues size="4">
          -6.097214211932112e-1 -3.903112454448727e-1 -3.404836249590820e-1 -1.064207122033335e-1
          </eigenvalues>
        <occupations size="4">
          1.000000000000000e0 1.000000000000000e0 1.000000000000000e0 1.000000000000000e0
          </occupations>
      </ks_energies>
      <ks_energies>
        <k_point weight="5.555555555556e-2">6.666666666666668e-1 4.811252242049319e-2 0.000000000000000e0</k_point>
        <npw>1887</npw>
        <eigenvalues size="4">
          -6.049588110070113e-1 -3.917392376408508e-1 -3.492175201357864e-1 -9.833623885486425e-2
          </eigenvalues>
        <occupations size="4">
          1.000000000000000e0 1.000000000000000e0 1.000000000000000e0 1.000000000000000e0
          </occupations>
      </ks_energies>
      <ks_energies>
        <k_point weight="5.555555555556e-2">7.500000000000000e-1 9.622504484098638e-2 0.000000000000000e0</k_point>
        <npw>1881</npw>
        <eigenvalues size="4">
          -6.182888348079681e-1 -3.866454791595148e-1 -3.249763355441282e-1 -1.200099486832550e-1
          </eigenvalues>
        <occupations size="4">
          1.000000000000000e0 1.000000000000000e0 1.000000000000000e0 1.000000000000000e0
          </occupations>
      </ks_energies>
      <ks_energies>
        <k_point weight="5.555555555556e-2">-1.666666666666667e-1 -4.330127017844386e-1 0.000000000000000e0</k_point>
        <npw>1882</npw>
        <eigenvalues size="4">
          -6.412772940415810e-1 -3.714925189350818e-1 -2.833553350432532e-1 -1.546792000708162e-1
          </eigenvalues>
        <occupations size="4">
          1.000000000000000e0 1.000000000000000e0 1.000000000000000e0 1.000000000000000e0
          </occupations>
      </ks_energies>
      <ks_energies>
        <k_point weight="5.555555555556e-2">-8.333333333333332e-2 -3.849001793639454e-1 0.000000000000000e0</k_point>
        <npw>1882</npw>
        <eigenvalues size="4">
          -6.645521141622062e-1 -3.469572706380698e-1 -2.419792335742874e-1 -1.879976953805658e-1
          </eigenvalues>
        <occupations size="4">
          1.000000000000000e0 1.000000000000000e0 1.000000000000000e0 1.000000000000000e0
          </occupations>
      </ks_energies>
      <ks_energies>
        <k_point weight="2.777777777778e-2">-5.551115123125783e-17 -3.367876569434523e-1 0.000000000000000e0</k_point>
        <npw>1857</npw>
        <eigenvalues size="4">
          -6.828103995816011e-1 -3.157086780660141e-1 -2.174748383306108e-1 -2.133427557302521e-1
          </eigenvalues>
        <occupations size="4">
          1.000000000000000e0 1.000000000000000e0 1.000000000000000e0 1.000000000000000e0
          </occupations>
      </ks_energies>
      <ks_energies>
        <k_point weight="2.777777777778e-2">7.500000000000000e-1 0.000000000000000e0 0.000000000000000e0</k_point>
        <npw>1883</npw>
        <eigenvalues size="4">
          -6.075158421383247e-1 -3.980163348566263e-1 -3.358290496104752e-1 -1.024278686095387e-1
          </eigenvalues>
        <occupations size="4">
          1.000000000000000e0 1.000000000000000e0 1.000000000000000e0 1.000000000000000e0
          </occupations>
      </ks_energies>
      <ks_energies>
        <k_point weight="5.555555555556e-2">8.333333333333334e-1 4.811252242049319e-2 0.000000000000000e0</k_point>
        <npw>1882</npw>
        <eigenvalues size="4">
          -6.192221141705426e-1 -4.055560844780365e-1 -2.957704862811682e-1 -1.211146110861852e-1
          </eigenvalues>
        <occupations size="4">
          1.000000000000000e0 1.000000000000000e0 1.000000000000000e0 1.000000000000000e0
          </occupations>
      </ks_energies>
      <ks_energies>
        <k_point weight="5.555555555556e-2">-8.333333333333337e-2 -4.811252242049318e-1 0.000000000000000e0</k_point>
        <npw>1875</npw>
        <eigenvalues size="4">
          -6.359761302647077e-1 -3.976335971566380e-1 -2.574524483414475e-1 -1.465559580971139e-1
          </eigenvalues>
        <occupations size="4">
          1.000000000000000e0 1.000000000000000e0 1.000000000000000e0 1.000000000000000e0
          </occupations>
      </ks_energies>
      <ks_energies>
        <k_point weight="2.777777777778e-2">0.000000000000000e0 -4.330127017844386e-1 0.000000000000000e0</k_point>
        <npw>1875</npw>
        <eigenvalues size="4">
          -6.524352262487732e-1 -3.762342559879496e-1 -2.371363798147245e-1 -1.706050309185276e-1
          </eigenvalues>
        <occupations size="4">
          1.000000000000000e0 1.000000000000000e0 1.000000000000000e0 1.000000000000000e0
          </occupations>
      </ks_energies>
      <ks_energies>
        <k_point weight="2.777777777778e-2">9.166666666666668e-1 0.000000000000000e0 0.000000000000000e0</k_point>
        <npw>1879</npw>
        <eigenvalues size="4">
          -6.224775483336731e-1 -4.188995266750952e-1 -2.628082378115018e-1 -1.256581283595558e-1
          </eigenvalues>
        <occupations size="4">
          1.000000000000000e0 1.000000000000000e0 1.000000000000000e0 1.000000000000000e0
          </occupations>
      </ks_energies>
      <ks_energies>
        <k_point weight="2.777777777778e-2">0.000000000000000e0 -5.292377466254250e-1 0.000000000000000e0</k_point>
        <npw>1882</npw>
        <eigenvalues size="4">
          -6.286827558879176e-1 -4.159092501299263e-1 -2.475675578083942e-1 -1.352252485874322e-1
          </eigenvalues>
        <occupations size="4">
          1.000000000000000e0 1.000000000000000e0 1.000000000000000e0 1.000000000000000e0
          </occupations>
      </ks_energies>
    </band_structure>
    <forces rank="2" dims="3 2" order="F">
      0.000000000000000e0 0.000000000000000e0 0.000000000000000e0
      0.000000000000000e0 0.000000000000000e0 0.000000000000000e0
      </forces>
    <stress rank="2" dims="3 3" order="F">
      -3.510319775568559e-4 0.000000000000000e0 -2.054325274013051e-33
      0.000000000000000e0 -3.510319773821059e-4 1.186065249659265e-33
      0.000000000000000e0 0.000000000000000e0 -2.506113595049289e-4
      </stress>
  </output>
  <status>0</status>
  <timing_info>
    <total label="PWSCF">
      <cpu>6.225317000000000e0</cpu>
      <wall>6.678007125854492e0</wall>
    </total>
    <partial label="electrons" calls="1">
      <cpu>4.833284000000000e0</cpu>
      <wall>4.998759984970093e0</wall>
    </partial>
  </timing_info>
  <closed DATE="10 Aug 2022" TIME="10: 3:57"></closed>
</qes:espresso>
